case_study,brf,max_eval,prob_pas,search_budget,algorithm,q_indicator,value
train-ticket,moc_1.64,72,95,sb_900000,nsgaii,IGD+,0.11728942202809244
train-ticket,moc_1.64,72,95,sb_900000,nsgaii,IGD+,0.36155933957897396
train-ticket,moc_1.64,72,95,sb_900000,nsgaii,IGD+,0.3042307449631263
train-ticket,moc_1.64,72,95,sb_900000,nsgaii,EP,0.2954058137623408
train-ticket,moc_1.64,72,95,sb_900000,nsgaii,EP,0.49862055430810026
train-ticket,moc_1.64,72,95,sb_900000,nsgaii,EP,0.47931974581358244
train-ticket,moc_1.64,72,95,sb_900000,nsgaii,HV,0.34315550317950194
train-ticket,moc_1.64,72,95,sb_900000,nsgaii,HV,0.14828264246875997
train-ticket,moc_1.64,72,95,sb_900000,nsgaii,HV,0.1591781560915561
train-ticket,moc_1.64,72,95,sb_900000,nsgaii,GSPREAD,0.46154875657127964
train-ticket,moc_1.64,72,95,sb_900000,nsgaii,GSPREAD,0.49046343482282284
train-ticket,moc_1.64,72,95,sb_900000,nsgaii,GSPREAD,0.5601686591721626
train-ticket,moc_1.64,82,95,sb_900000,nsgaii,IGD+,0.20557524117744622
train-ticket,moc_1.64,82,95,sb_900000,nsgaii,IGD+,0.1712820854330059
train-ticket,moc_1.64,82,95,sb_900000,nsgaii,IGD+,0.24922933136332595
train-ticket,moc_1.64,82,95,sb_900000,nsgaii,EP,0.3102678571428571
train-ticket,moc_1.64,82,95,sb_900000,nsgaii,EP,0.2636545323908369
train-ticket,moc_1.64,82,95,sb_900000,nsgaii,EP,0.38020833333333326
train-ticket,moc_1.64,82,95,sb_900000,nsgaii,HV,0.229811913392508
train-ticket,moc_1.64,82,95,sb_900000,nsgaii,HV,0.28636033004845013
train-ticket,moc_1.64,82,95,sb_900000,nsgaii,HV,0.23133765515580337
train-ticket,moc_1.64,82,95,sb_900000,nsgaii,GSPREAD,0.4991526001241417
train-ticket,moc_1.64,82,95,sb_900000,nsgaii,GSPREAD,0.7879655464947485
train-ticket,moc_1.64,82,95,sb_900000,nsgaii,GSPREAD,0.5490844717828003
train-ticket,moc_1.64,102,95,sb_900000,nsgaii,IGD+,0.41031619717039214
train-ticket,moc_1.64,102,95,sb_900000,nsgaii,IGD+,0.24029521587786137
train-ticket,moc_1.64,102,95,sb_900000,nsgaii,IGD+,0.244738379580448
train-ticket,moc_1.64,102,95,sb_900000,nsgaii,EP,0.6390132144856666
train-ticket,moc_1.64,102,95,sb_900000,nsgaii,EP,0.4792962725673063
train-ticket,moc_1.64,102,95,sb_900000,nsgaii,EP,0.4323824889896437
train-ticket,moc_1.64,102,95,sb_900000,nsgaii,HV,0.10247166504732824
train-ticket,moc_1.64,102,95,sb_900000,nsgaii,HV,0.17487812489434287
train-ticket,moc_1.64,102,95,sb_900000,nsgaii,HV,0.224457126117682
train-ticket,moc_1.64,102,95,sb_900000,nsgaii,GSPREAD,0.4105407962854182
train-ticket,moc_1.64,102,95,sb_900000,nsgaii,GSPREAD,0.6917024980973596
train-ticket,moc_1.64,102,95,sb_900000,nsgaii,GSPREAD,0.30820754815469975
train-ticket,moc_1.64,72,95,sb_3600000,nsgaii,IGD+,0.2888100098381794
train-ticket,moc_1.64,72,95,sb_3600000,nsgaii,IGD+,0.18590173376695127
train-ticket,moc_1.64,72,95,sb_3600000,nsgaii,IGD+,0.2499468257650874
train-ticket,moc_1.64,72,95,sb_3600000,nsgaii,EP,0.5
train-ticket,moc_1.64,72,95,sb_3600000,nsgaii,EP,0.5
train-ticket,moc_1.64,72,95,sb_3600000,nsgaii,EP,0.3660714285714285
train-ticket,moc_1.64,72,95,sb_3600000,nsgaii,HV,0.1943986307047418
train-ticket,moc_1.64,72,95,sb_3600000,nsgaii,HV,0.22725688848021702
train-ticket,moc_1.64,72,95,sb_3600000,nsgaii,HV,0.23123598561241657
train-ticket,moc_1.64,72,95,sb_3600000,nsgaii,GSPREAD,1.1453693129034683
train-ticket,moc_1.64,72,95,sb_3600000,nsgaii,GSPREAD,0.35423951185505753
train-ticket,moc_1.64,72,95,sb_3600000,nsgaii,GSPREAD,0.3597544880987845
train-ticket,moc_1.64,82,95,sb_3600000,nsgaii,IGD+,0.1762580875382933
train-ticket,moc_1.64,82,95,sb_3600000,nsgaii,IGD+,0.30503154729956117
train-ticket,moc_1.64,82,95,sb_3600000,nsgaii,IGD+,0.150308748964329
train-ticket,moc_1.64,82,95,sb_3600000,nsgaii,EP,0.2678571428571429
train-ticket,moc_1.64,82,95,sb_3600000,nsgaii,EP,0.4479166666666666
train-ticket,moc_1.64,82,95,sb_3600000,nsgaii,EP,0.4097392654518228
train-ticket,moc_1.64,82,95,sb_3600000,nsgaii,HV,0.27601747035268653
train-ticket,moc_1.64,82,95,sb_3600000,nsgaii,HV,0.20945438036505573
train-ticket,moc_1.64,82,95,sb_3600000,nsgaii,HV,0.2605487063798152
train-ticket,moc_1.64,82,95,sb_3600000,nsgaii,GSPREAD,0.27509164251358287
train-ticket,moc_1.64,82,95,sb_3600000,nsgaii,GSPREAD,0.44406995155089996
train-ticket,moc_1.64,82,95,sb_3600000,nsgaii,GSPREAD,0.7278763276709308
train-ticket,moc_1.64,102,95,sb_3600000,nsgaii,IGD+,0.30758180031440124
train-ticket,moc_1.64,102,95,sb_3600000,nsgaii,IGD+,0.26090808309318303
train-ticket,moc_1.64,102,95,sb_3600000,nsgaii,IGD+,0.24710782619396013
train-ticket,moc_1.64,102,95,sb_3600000,nsgaii,EP,0.5806668959386139
train-ticket,moc_1.64,102,95,sb_3600000,nsgaii,EP,0.5
train-ticket,moc_1.64,102,95,sb_3600000,nsgaii,EP,0.4793209012074354
train-ticket,moc_1.64,102,95,sb_3600000,nsgaii,HV,0.1713044026230018
train-ticket,moc_1.64,102,95,sb_3600000,nsgaii,HV,0.2218425186877605
train-ticket,moc_1.64,102,95,sb_3600000,nsgaii,HV,0.2749531712745257
train-ticket,moc_1.64,102,95,sb_3600000,nsgaii,GSPREAD,0.7197591748217065
train-ticket,moc_1.64,102,95,sb_3600000,nsgaii,GSPREAD,0.33056800663950153
train-ticket,moc_1.64,102,95,sb_3600000,nsgaii,GSPREAD,0.5140836375752853
train-ticket,moc_1.64,72,95,sb_1800000,nsgaii,IGD+,0.13744455996813565
train-ticket,moc_1.64,72,95,sb_1800000,nsgaii,IGD+,0.15149258692050352
train-ticket,moc_1.64,72,95,sb_1800000,nsgaii,IGD+,0.27587528394079947
train-ticket,moc_1.64,72,95,sb_1800000,nsgaii,EP,0.25595238095238093
train-ticket,moc_1.64,72,95,sb_1800000,nsgaii,EP,0.2983630952380952
train-ticket,moc_1.64,72,95,sb_1800000,nsgaii,EP,0.46239000288871773
train-ticket,moc_1.64,72,95,sb_1800000,nsgaii,HV,0.3359497919137428
train-ticket,moc_1.64,72,95,sb_1800000,nsgaii,HV,0.42378522116074335
train-ticket,moc_1.64,72,95,sb_1800000,nsgaii,HV,0.21758969294692188
train-ticket,moc_1.64,72,95,sb_1800000,nsgaii,GSPREAD,0.6359930157698442
train-ticket,moc_1.64,72,95,sb_1800000,nsgaii,GSPREAD,0.49266456703444317
train-ticket,moc_1.64,72,95,sb_1800000,nsgaii,GSPREAD,0.7085773697562533
train-ticket,moc_1.64,82,95,sb_1800000,nsgaii,IGD+,0.4005279772277735
train-ticket,moc_1.64,82,95,sb_1800000,nsgaii,IGD+,0.3127936008354777
train-ticket,moc_1.64,82,95,sb_1800000,nsgaii,IGD+,0.18467017975938962
train-ticket,moc_1.64,82,95,sb_1800000,nsgaii,EP,0.5863095238095238
train-ticket,moc_1.64,82,95,sb_1800000,nsgaii,EP,0.5305059523809524
train-ticket,moc_1.64,82,95,sb_1800000,nsgaii,EP,0.2983630952380952
train-ticket,moc_1.64,82,95,sb_1800000,nsgaii,HV,0.12337293995688056
train-ticket,moc_1.64,82,95,sb_1800000,nsgaii,HV,0.22718875478812503
train-ticket,moc_1.64,82,95,sb_1800000,nsgaii,HV,0.32963018667999744
train-ticket,moc_1.64,82,95,sb_1800000,nsgaii,GSPREAD,1.1950765229353182
train-ticket,moc_1.64,82,95,sb_1800000,nsgaii,GSPREAD,0.5699676927478821
train-ticket,moc_1.64,82,95,sb_1800000,nsgaii,GSPREAD,0.6346620816795849
train-ticket,moc_1.64,102,95,sb_1800000,nsgaii,IGD+,0.25436241215790567
train-ticket,moc_1.64,102,95,sb_1800000,nsgaii,IGD+,0.1826054593598386
train-ticket,moc_1.64,102,95,sb_1800000,nsgaii,IGD+,0.29590720742186677
train-ticket,moc_1.64,102,95,sb_1800000,nsgaii,EP,0.47929751936159154
train-ticket,moc_1.64,102,95,sb_1800000,nsgaii,EP,0.40198704508512456
train-ticket,moc_1.64,102,95,sb_1800000,nsgaii,EP,0.36936463658812463
train-ticket,moc_1.64,102,95,sb_1800000,nsgaii,HV,0.24125338052674686
train-ticket,moc_1.64,102,95,sb_1800000,nsgaii,HV,0.28587749256730866
train-ticket,moc_1.64,102,95,sb_1800000,nsgaii,HV,0.2235920036208026
train-ticket,moc_1.64,102,95,sb_1800000,nsgaii,GSPREAD,0.31257019115017076
train-ticket,moc_1.64,102,95,sb_1800000,nsgaii,GSPREAD,0.3243889459746871
train-ticket,moc_1.64,102,95,sb_1800000,nsgaii,GSPREAD,0.39150215567251306
train-ticket,moc_1.64,72,95,sb_900000,spea2,IGD+,0.21372520989161659
train-ticket,moc_1.64,72,95,sb_900000,spea2,IGD+,0.2866227217391401
train-ticket,moc_1.64,72,95,sb_900000,spea2,IGD+,0.29293552857308985
train-ticket,moc_1.64,72,95,sb_900000,spea2,EP,0.3671234884209345
train-ticket,moc_1.64,72,95,sb_900000,spea2,EP,0.38020833333333326
train-ticket,moc_1.64,72,95,sb_900000,spea2,EP,0.38020833333333337
train-ticket,moc_1.64,72,95,sb_900000,spea2,HV,0.17546541826483225
train-ticket,moc_1.64,72,95,sb_900000,spea2,HV,0.19487057180572617
train-ticket,moc_1.64,72,95,sb_900000,spea2,HV,0.17710841000397634
train-ticket,moc_1.64,72,95,sb_900000,spea2,GSPREAD,0.4677646425424582
train-ticket,moc_1.64,72,95,sb_900000,spea2,GSPREAD,0.6739032308014012
train-ticket,moc_1.64,72,95,sb_900000,spea2,GSPREAD,0.6739740466823226
train-ticket,moc_1.64,82,95,sb_900000,spea2,IGD+,0.25648219812850015
train-ticket,moc_1.64,82,95,sb_900000,spea2,IGD+,0.2658990567756679
train-ticket,moc_1.64,82,95,sb_900000,spea2,IGD+,0.15160805615605152
train-ticket,moc_1.64,82,95,sb_900000,spea2,EP,0.33882905094671506
train-ticket,moc_1.64,82,95,sb_900000,spea2,EP,0.3898809523809524
train-ticket,moc_1.64,82,95,sb_900000,spea2,EP,0.27542479894362965
train-ticket,moc_1.64,82,95,sb_900000,spea2,HV,0.21678125198065953
train-ticket,moc_1.64,82,95,sb_900000,spea2,HV,0.28408596751016135
train-ticket,moc_1.64,82,95,sb_900000,spea2,HV,0.32697357492944024
train-ticket,moc_1.64,82,95,sb_900000,spea2,GSPREAD,0.6119479106773164
train-ticket,moc_1.64,82,95,sb_900000,spea2,GSPREAD,0.5431812553777257
train-ticket,moc_1.64,82,95,sb_900000,spea2,GSPREAD,0.6068589665575608
train-ticket,moc_1.64,102,95,sb_900000,spea2,IGD+,0.2875936444888485
train-ticket,moc_1.64,102,95,sb_900000,spea2,IGD+,0.2687255054097483
train-ticket,moc_1.64,102,95,sb_900000,spea2,IGD+,0.29051674903234564
train-ticket,moc_1.64,102,95,sb_900000,spea2,EP,0.4357997256172375
train-ticket,moc_1.64,102,95,sb_900000,spea2,EP,0.38020833333333326
train-ticket,moc_1.64,102,95,sb_900000,spea2,EP,0.47931974581358244
train-ticket,moc_1.64,102,95,sb_900000,spea2,HV,0.17607736843827743
train-ticket,moc_1.64,102,95,sb_900000,spea2,HV,0.19742212791581334
train-ticket,moc_1.64,102,95,sb_900000,spea2,HV,0.19311324508158997
train-ticket,moc_1.64,102,95,sb_900000,spea2,GSPREAD,0.47663189799992717
train-ticket,moc_1.64,102,95,sb_900000,spea2,GSPREAD,0.6563089421400974
train-ticket,moc_1.64,102,95,sb_900000,spea2,GSPREAD,0.6118604559463281
train-ticket,moc_1.64,72,95,sb_3600000,spea2,IGD+,0.10999436975351375
train-ticket,moc_1.64,72,95,sb_3600000,spea2,IGD+,0.1531296146288431
train-ticket,moc_1.64,72,95,sb_3600000,spea2,IGD+,0.27089685584348366
train-ticket,moc_1.64,72,95,sb_3600000,spea2,EP,0.25
train-ticket,moc_1.64,72,95,sb_3600000,spea2,EP,0.5
train-ticket,moc_1.64,72,95,sb_3600000,spea2,EP,0.3711616207655368
train-ticket,moc_1.64,72,95,sb_3600000,spea2,HV,0.3768805530514058
train-ticket,moc_1.64,72,95,sb_3600000,spea2,HV,0.25852242423591104
train-ticket,moc_1.64,72,95,sb_3600000,spea2,HV,0.15973041887635475
train-ticket,moc_1.64,72,95,sb_3600000,spea2,GSPREAD,0.5897433635922806
train-ticket,moc_1.64,72,95,sb_3600000,spea2,GSPREAD,0.8400855381263048
train-ticket,moc_1.64,72,95,sb_3600000,spea2,GSPREAD,0.6860826684723256
train-ticket,moc_1.64,82,95,sb_3600000,spea2,IGD+,0.35243190698482674
train-ticket,moc_1.64,82,95,sb_3600000,spea2,IGD+,0.24226761830925425
train-ticket,moc_1.64,82,95,sb_3600000,spea2,IGD+,0.15827163950285913
train-ticket,moc_1.64,82,95,sb_3600000,spea2,EP,0.4880952380952381
train-ticket,moc_1.64,82,95,sb_3600000,spea2,EP,0.4511133045206662
train-ticket,moc_1.64,82,95,sb_3600000,spea2,EP,0.3898809523809524
train-ticket,moc_1.64,82,95,sb_3600000,spea2,HV,0.19657366895335207
train-ticket,moc_1.64,82,95,sb_3600000,spea2,HV,0.20807744102854236
train-ticket,moc_1.64,82,95,sb_3600000,spea2,HV,0.29831474680297154
train-ticket,moc_1.64,82,95,sb_3600000,spea2,GSPREAD,0.4501560915563136
train-ticket,moc_1.64,82,95,sb_3600000,spea2,GSPREAD,0.508231526148227
train-ticket,moc_1.64,82,95,sb_3600000,spea2,GSPREAD,0.5199329474385875
train-ticket,moc_1.64,102,95,sb_3600000,spea2,IGD+,0.17973972737907454
train-ticket,moc_1.64,102,95,sb_3600000,spea2,IGD+,0.240577830627432
train-ticket,moc_1.64,102,95,sb_3600000,spea2,IGD+,0.20730180635990492
train-ticket,moc_1.64,102,95,sb_3600000,spea2,EP,0.37145820047455574
train-ticket,moc_1.64,102,95,sb_3600000,spea2,EP,0.4793197458135824
train-ticket,moc_1.64,102,95,sb_3600000,spea2,EP,0.3474702380952381
train-ticket,moc_1.64,102,95,sb_3600000,spea2,HV,0.31766085184875115
train-ticket,moc_1.64,102,95,sb_3600000,spea2,HV,0.1778826776607983
train-ticket,moc_1.64,102,95,sb_3600000,spea2,HV,0.21978710104034627
train-ticket,moc_1.64,102,95,sb_3600000,spea2,GSPREAD,0.43262732163540174
train-ticket,moc_1.64,102,95,sb_3600000,spea2,GSPREAD,0.7166599752780853
train-ticket,moc_1.64,102,95,sb_3600000,spea2,GSPREAD,0.507509456366159
train-ticket,moc_1.64,72,95,sb_1800000,spea2,IGD+,0.2448508653823187
train-ticket,moc_1.64,72,95,sb_1800000,spea2,IGD+,0.40781775763047196
train-ticket,moc_1.64,72,95,sb_1800000,spea2,IGD+,0.26679635476899466
train-ticket,moc_1.64,72,95,sb_1800000,spea2,EP,0.4793206545838674
train-ticket,moc_1.64,72,95,sb_1800000,spea2,EP,0.6196915230826715
train-ticket,moc_1.64,72,95,sb_1800000,spea2,EP,0.4511133045206662
train-ticket,moc_1.64,72,95,sb_1800000,spea2,HV,0.17054571074209038
train-ticket,moc_1.64,72,95,sb_1800000,spea2,HV,0.10811391322646292
train-ticket,moc_1.64,72,95,sb_1800000,spea2,HV,0.2484173341493176
train-ticket,moc_1.64,72,95,sb_1800000,spea2,GSPREAD,0.7543832944254466
train-ticket,moc_1.64,72,95,sb_1800000,spea2,GSPREAD,0.5183197720958871
train-ticket,moc_1.64,72,95,sb_1800000,spea2,GSPREAD,0.9271330947698535
train-ticket,moc_1.64,82,95,sb_1800000,spea2,IGD+,0.14669527409681568
train-ticket,moc_1.64,82,95,sb_1800000,spea2,IGD+,0.31966745164191285
train-ticket,moc_1.64,82,95,sb_1800000,spea2,IGD+,0.36915684128280946
train-ticket,moc_1.64,82,95,sb_1800000,spea2,EP,0.2983630952380952
train-ticket,moc_1.64,82,95,sb_1800000,spea2,EP,0.4074716050592428
train-ticket,moc_1.64,82,95,sb_1800000,spea2,EP,0.5
train-ticket,moc_1.64,82,95,sb_1800000,spea2,HV,0.2733329915461381
train-ticket,moc_1.64,82,95,sb_1800000,spea2,HV,0.1578331937619799
train-ticket,moc_1.64,82,95,sb_1800000,spea2,HV,0.11874793364793876
train-ticket,moc_1.64,82,95,sb_1800000,spea2,GSPREAD,1.1303645451181061
train-ticket,moc_1.64,82,95,sb_1800000,spea2,GSPREAD,0.5479167981991736
train-ticket,moc_1.64,82,95,sb_1800000,spea2,GSPREAD,1.025411814543408
train-ticket,moc_1.64,102,95,sb_1800000,spea2,IGD+,0.47690831688164925
train-ticket,moc_1.64,102,95,sb_1800000,spea2,IGD+,0.26648090186313367
train-ticket,moc_1.64,102,95,sb_1800000,spea2,IGD+,0.25349276607647975
train-ticket,moc_1.64,102,95,sb_1800000,spea2,EP,0.5654761904761905
train-ticket,moc_1.64,102,95,sb_1800000,spea2,EP,0.3970500531320464
train-ticket,moc_1.64,102,95,sb_1800000,spea2,EP,0.4293154761904761
train-ticket,moc_1.64,102,95,sb_1800000,spea2,HV,0.09523401695948935
train-ticket,moc_1.64,102,95,sb_1800000,spea2,HV,0.250968424945582
train-ticket,moc_1.64,102,95,sb_1800000,spea2,HV,0.22669520146394878
train-ticket,moc_1.64,102,95,sb_1800000,spea2,GSPREAD,0.5396034362383304
train-ticket,moc_1.64,102,95,sb_1800000,spea2,GSPREAD,0.49914026298462105
train-ticket,moc_1.64,102,95,sb_1800000,spea2,GSPREAD,0.31523809926112445
train-ticket,moc_1.64,72,95,sb_900000,pesa2,IGD+,0.2727348659353211
train-ticket,moc_1.64,72,95,sb_900000,pesa2,IGD+,0.18594422137491895
train-ticket,moc_1.64,72,95,sb_900000,pesa2,IGD+,0.24628415838712592
train-ticket,moc_1.64,72,95,sb_900000,pesa2,EP,0.3726913217332626
train-ticket,moc_1.64,72,95,sb_900000,pesa2,EP,0.2983630952380952
train-ticket,moc_1.64,72,95,sb_900000,pesa2,EP,0.37253418721535747
train-ticket,moc_1.64,72,95,sb_900000,pesa2,HV,0.18277056746509876
train-ticket,moc_1.64,72,95,sb_900000,pesa2,HV,0.3030345969095684
train-ticket,moc_1.64,72,95,sb_900000,pesa2,HV,0.24095800826797892
train-ticket,moc_1.64,72,95,sb_900000,pesa2,GSPREAD,0.5770848574399107
train-ticket,moc_1.64,72,95,sb_900000,pesa2,GSPREAD,0.505767340735744
train-ticket,moc_1.64,72,95,sb_900000,pesa2,GSPREAD,0.5207950473272085
train-ticket,moc_1.64,82,95,sb_900000,pesa2,IGD+,0.22220056532813606
train-ticket,moc_1.64,82,95,sb_900000,pesa2,IGD+,0.23548245800622833
train-ticket,moc_1.64,82,95,sb_900000,pesa2,IGD+,0.2044253033908042
train-ticket,moc_1.64,82,95,sb_900000,pesa2,EP,0.2957737800974243
train-ticket,moc_1.64,82,95,sb_900000,pesa2,EP,0.4074716050592428
train-ticket,moc_1.64,82,95,sb_900000,pesa2,EP,0.3672411292030314
train-ticket,moc_1.64,82,95,sb_900000,pesa2,HV,0.30190358730765293
train-ticket,moc_1.64,82,95,sb_900000,pesa2,HV,0.2670439910646872
train-ticket,moc_1.64,82,95,sb_900000,pesa2,HV,0.2950829509301353
train-ticket,moc_1.64,82,95,sb_900000,pesa2,GSPREAD,0.4846247527454707
train-ticket,moc_1.64,82,95,sb_900000,pesa2,GSPREAD,0.5662216695952823
train-ticket,moc_1.64,82,95,sb_900000,pesa2,GSPREAD,0.6145779589029458
train-ticket,moc_1.64,102,95,sb_900000,pesa2,IGD+,0.1880038704281699
train-ticket,moc_1.64,102,95,sb_900000,pesa2,IGD+,0.16247360351777249
train-ticket,moc_1.64,102,95,sb_900000,pesa2,IGD+,0.37612290887249883
train-ticket,moc_1.64,102,95,sb_900000,pesa2,EP,0.31696428571428564
train-ticket,moc_1.64,102,95,sb_900000,pesa2,EP,0.2745535714285714
train-ticket,moc_1.64,102,95,sb_900000,pesa2,EP,0.38904307264972915
train-ticket,moc_1.64,102,95,sb_900000,pesa2,HV,0.29125390830612174
train-ticket,moc_1.64,102,95,sb_900000,pesa2,HV,0.31188941377650736
train-ticket,moc_1.64,102,95,sb_900000,pesa2,HV,0.14865055461889654
train-ticket,moc_1.64,102,95,sb_900000,pesa2,GSPREAD,0.6112081712014442
train-ticket,moc_1.64,102,95,sb_900000,pesa2,GSPREAD,0.5489847527736572
train-ticket,moc_1.64,102,95,sb_900000,pesa2,GSPREAD,0.5425590014263428
train-ticket,moc_1.64,72,95,sb_3600000,pesa2,IGD+,0.20920726974312587
train-ticket,moc_1.64,72,95,sb_3600000,pesa2,IGD+,0.1452688202724675
train-ticket,moc_1.64,72,95,sb_3600000,pesa2,IGD+,0.1021130590009468
train-ticket,moc_1.64,72,95,sb_3600000,pesa2,EP,0.3102678571428571
train-ticket,moc_1.64,72,95,sb_3600000,pesa2,EP,0.25
train-ticket,moc_1.64,72,95,sb_3600000,pesa2,EP,0.25
train-ticket,moc_1.64,72,95,sb_3600000,pesa2,HV,0.32427008541428276
train-ticket,moc_1.64,72,95,sb_3600000,pesa2,HV,0.35386502544671267
train-ticket,moc_1.64,72,95,sb_3600000,pesa2,HV,0.40726279778314695
train-ticket,moc_1.64,72,95,sb_3600000,pesa2,GSPREAD,0.5356829845888039
train-ticket,moc_1.64,72,95,sb_3600000,pesa2,GSPREAD,0.5553350253827117
train-ticket,moc_1.64,72,95,sb_3600000,pesa2,GSPREAD,0.5641317975961271
train-ticket,moc_1.64,82,95,sb_3600000,pesa2,IGD+,0.14475998740404117
train-ticket,moc_1.64,82,95,sb_3600000,pesa2,IGD+,0.1728553710882631
train-ticket,moc_1.64,82,95,sb_3600000,pesa2,IGD+,0.16844125706021576
train-ticket,moc_1.64,82,95,sb_3600000,pesa2,EP,0.22544642857142844
train-ticket,moc_1.64,82,95,sb_3600000,pesa2,EP,0.2983630952380952
train-ticket,moc_1.64,82,95,sb_3600000,pesa2,EP,0.3254475326173452
train-ticket,moc_1.64,82,95,sb_3600000,pesa2,HV,0.41619263024868663
train-ticket,moc_1.64,82,95,sb_3600000,pesa2,HV,0.29038990988693336
train-ticket,moc_1.64,82,95,sb_3600000,pesa2,HV,0.3421152106442276
train-ticket,moc_1.64,82,95,sb_3600000,pesa2,GSPREAD,0.6416457129429031
train-ticket,moc_1.64,82,95,sb_3600000,pesa2,GSPREAD,0.5100600031330638
train-ticket,moc_1.64,82,95,sb_3600000,pesa2,GSPREAD,0.6280389846529398
train-ticket,moc_1.64,102,95,sb_3600000,pesa2,IGD+,0.20675754745457744
train-ticket,moc_1.64,102,95,sb_3600000,pesa2,IGD+,0.23629209963685235
train-ticket,moc_1.64,102,95,sb_3600000,pesa2,IGD+,0.17415567886643968
train-ticket,moc_1.64,102,95,sb_3600000,pesa2,EP,0.28498506398973683
train-ticket,moc_1.64,102,95,sb_3600000,pesa2,EP,0.4361676919523209
train-ticket,moc_1.64,102,95,sb_3600000,pesa2,EP,0.25595238095238093
train-ticket,moc_1.64,102,95,sb_3600000,pesa2,HV,0.2710989801553091
train-ticket,moc_1.64,102,95,sb_3600000,pesa2,HV,0.2162236457906231
train-ticket,moc_1.64,102,95,sb_3600000,pesa2,HV,0.3193133486901052
train-ticket,moc_1.64,102,95,sb_3600000,pesa2,GSPREAD,0.5188253125723478
train-ticket,moc_1.64,102,95,sb_3600000,pesa2,GSPREAD,0.6430866704801771
train-ticket,moc_1.64,102,95,sb_3600000,pesa2,GSPREAD,0.5936367994144274
train-ticket,moc_1.64,72,95,sb_1800000,pesa2,IGD+,0.22719764539984
train-ticket,moc_1.64,72,95,sb_1800000,pesa2,IGD+,0.2063842743147004
train-ticket,moc_1.64,72,95,sb_1800000,pesa2,IGD+,0.13807595405379255
train-ticket,moc_1.64,72,95,sb_1800000,pesa2,EP,0.3898809523809524
train-ticket,moc_1.64,72,95,sb_1800000,pesa2,EP,0.35235288615672533
train-ticket,moc_1.64,72,95,sb_1800000,pesa2,EP,0.25
train-ticket,moc_1.64,72,95,sb_1800000,pesa2,HV,0.2897198552475599
train-ticket,moc_1.64,72,95,sb_1800000,pesa2,HV,0.25727489644569224
train-ticket,moc_1.64,72,95,sb_1800000,pesa2,HV,0.3290350015157072
train-ticket,moc_1.64,72,95,sb_1800000,pesa2,GSPREAD,0.5092230430163631
train-ticket,moc_1.64,72,95,sb_1800000,pesa2,GSPREAD,0.5840859837507903
train-ticket,moc_1.64,72,95,sb_1800000,pesa2,GSPREAD,0.6875734615658712
train-ticket,moc_1.64,82,95,sb_1800000,pesa2,IGD+,0.10237846628899006
train-ticket,moc_1.64,82,95,sb_1800000,pesa2,IGD+,0.1909273020887526
train-ticket,moc_1.64,82,95,sb_1800000,pesa2,IGD+,0.1447425675432594
train-ticket,moc_1.64,82,95,sb_1800000,pesa2,EP,0.25
train-ticket,moc_1.64,82,95,sb_1800000,pesa2,EP,0.2983630952380952
train-ticket,moc_1.64,82,95,sb_1800000,pesa2,EP,0.2525295750748608
train-ticket,moc_1.64,82,95,sb_1800000,pesa2,HV,0.36290278078184246
train-ticket,moc_1.64,82,95,sb_1800000,pesa2,HV,0.310914345684635
train-ticket,moc_1.64,82,95,sb_1800000,pesa2,HV,0.34004457658359644
train-ticket,moc_1.64,82,95,sb_1800000,pesa2,GSPREAD,0.6323715590129868
train-ticket,moc_1.64,82,95,sb_1800000,pesa2,GSPREAD,0.4620017148496484
train-ticket,moc_1.64,82,95,sb_1800000,pesa2,GSPREAD,0.5349814676214464
train-ticket,moc_1.64,102,95,sb_1800000,pesa2,IGD+,0.24798885022596928
train-ticket,moc_1.64,102,95,sb_1800000,pesa2,IGD+,0.2223344890615028
train-ticket,moc_1.64,102,95,sb_1800000,pesa2,IGD+,0.1781585082113326
train-ticket,moc_1.64,102,95,sb_1800000,pesa2,EP,0.31696428571428564
train-ticket,moc_1.64,102,95,sb_1800000,pesa2,EP,0.3254475326173452
train-ticket,moc_1.64,102,95,sb_1800000,pesa2,EP,0.4792963639677386
train-ticket,moc_1.64,102,95,sb_1800000,pesa2,HV,0.2539662984809769
train-ticket,moc_1.64,102,95,sb_1800000,pesa2,HV,0.26630117273238607
train-ticket,moc_1.64,102,95,sb_1800000,pesa2,HV,0.3635157113689196
train-ticket,moc_1.64,102,95,sb_1800000,pesa2,GSPREAD,0.6399546825461926
train-ticket,moc_1.64,102,95,sb_1800000,pesa2,GSPREAD,0.6849629276930965
train-ticket,moc_1.64,102,95,sb_1800000,pesa2,GSPREAD,0.5310021058533552
simplified-cocome,moc_1.64,72,95,sb_900000,nsgaii,IGD+,3.903156898079405
simplified-cocome,moc_1.64,72,95,sb_900000,nsgaii,IGD+,2.9397803236764357
simplified-cocome,moc_1.64,72,95,sb_900000,nsgaii,IGD+,3.4631845554471163
simplified-cocome,moc_1.64,72,95,sb_900000,nsgaii,EP,3.8590837999161445
simplified-cocome,moc_1.64,72,95,sb_900000,nsgaii,EP,3.014837319524259
simplified-cocome,moc_1.64,72,95,sb_900000,nsgaii,EP,3.500568632605001
simplified-cocome,moc_1.64,72,95,sb_900000,nsgaii,HV,0.0
simplified-cocome,moc_1.64,72,95,sb_900000,nsgaii,HV,0.0
simplified-cocome,moc_1.64,72,95,sb_900000,nsgaii,HV,0.0
simplified-cocome,moc_1.64,72,95,sb_900000,nsgaii,GSPREAD,1.1910118413364978
simplified-cocome,moc_1.64,72,95,sb_900000,nsgaii,GSPREAD,0.9016229755207682
simplified-cocome,moc_1.64,72,95,sb_900000,nsgaii,GSPREAD,1.0684265821081034
simplified-cocome,moc_1.64,82,95,sb_900000,nsgaii,IGD+,2.9569698679241734
simplified-cocome,moc_1.64,82,95,sb_900000,nsgaii,IGD+,4.241921604366827
simplified-cocome,moc_1.64,82,95,sb_900000,nsgaii,IGD+,3.721952987526172
simplified-cocome,moc_1.64,82,95,sb_900000,nsgaii,EP,3.0381731049084233
simplified-cocome,moc_1.64,82,95,sb_900000,nsgaii,EP,4.3291359118103605
simplified-cocome,moc_1.64,82,95,sb_900000,nsgaii,EP,3.779975108608493
simplified-cocome,moc_1.64,82,95,sb_900000,nsgaii,HV,0.0
simplified-cocome,moc_1.64,82,95,sb_900000,nsgaii,HV,0.0
simplified-cocome,moc_1.64,82,95,sb_900000,nsgaii,HV,0.0
simplified-cocome,moc_1.64,82,95,sb_900000,nsgaii,GSPREAD,1.1835247604340213
simplified-cocome,moc_1.64,82,95,sb_900000,nsgaii,GSPREAD,0.5917236525483708
simplified-cocome,moc_1.64,82,95,sb_900000,nsgaii,GSPREAD,1.09248047583168
simplified-cocome,moc_1.64,102,95,sb_900000,nsgaii,IGD+,2.7719463046360233
simplified-cocome,moc_1.64,102,95,sb_900000,nsgaii,IGD+,2.980825467154164
simplified-cocome,moc_1.64,102,95,sb_900000,nsgaii,IGD+,2.0612529075517
simplified-cocome,moc_1.64,102,95,sb_900000,nsgaii,EP,2.721089690923857
simplified-cocome,moc_1.64,102,95,sb_900000,nsgaii,EP,3.035208165034724
simplified-cocome,moc_1.64,102,95,sb_900000,nsgaii,EP,2.085833533327974
simplified-cocome,moc_1.64,102,95,sb_900000,nsgaii,HV,0.0
simplified-cocome,moc_1.64,102,95,sb_900000,nsgaii,HV,0.0
simplified-cocome,moc_1.64,102,95,sb_900000,nsgaii,HV,0.0
simplified-cocome,moc_1.64,102,95,sb_900000,nsgaii,GSPREAD,0.8315681603651693
simplified-cocome,moc_1.64,102,95,sb_900000,nsgaii,GSPREAD,0.8038928740555724
simplified-cocome,moc_1.64,102,95,sb_900000,nsgaii,GSPREAD,1.095195740841393
simplified-cocome,moc_1.64,72,95,sb_3600000,nsgaii,IGD+,2.7076001841351895
simplified-cocome,moc_1.64,72,95,sb_3600000,nsgaii,IGD+,4.380959172686585
simplified-cocome,moc_1.64,72,95,sb_3600000,nsgaii,IGD+,4.268000856972316
simplified-cocome,moc_1.64,72,95,sb_3600000,nsgaii,EP,2.6143053843845916
simplified-cocome,moc_1.64,72,95,sb_3600000,nsgaii,EP,4.4165578746950835
simplified-cocome,moc_1.64,72,95,sb_3600000,nsgaii,EP,4.196432547265454
simplified-cocome,moc_1.64,72,95,sb_3600000,nsgaii,HV,0.0
simplified-cocome,moc_1.64,72,95,sb_3600000,nsgaii,HV,0.0
simplified-cocome,moc_1.64,72,95,sb_3600000,nsgaii,HV,0.0
simplified-cocome,moc_1.64,72,95,sb_3600000,nsgaii,GSPREAD,0.6769309142894403
simplified-cocome,moc_1.64,72,95,sb_3600000,nsgaii,GSPREAD,1.0755057231197434
simplified-cocome,moc_1.64,72,95,sb_3600000,nsgaii,GSPREAD,0.6363281823505121
simplified-cocome,moc_1.64,82,95,sb_3600000,nsgaii,IGD+,2.0482280356374605
simplified-cocome,moc_1.64,82,95,sb_3600000,nsgaii,IGD+,2.6970494547006654
simplified-cocome,moc_1.64,82,95,sb_3600000,nsgaii,IGD+,4.272340996591953
simplified-cocome,moc_1.64,82,95,sb_3600000,nsgaii,EP,2.085833533327974
simplified-cocome,moc_1.64,82,95,sb_3600000,nsgaii,EP,2.7767017325755448
simplified-cocome,moc_1.64,82,95,sb_3600000,nsgaii,EP,4.22601380026109
simplified-cocome,moc_1.64,82,95,sb_3600000,nsgaii,HV,0.0
simplified-cocome,moc_1.64,82,95,sb_3600000,nsgaii,HV,0.0
simplified-cocome,moc_1.64,82,95,sb_3600000,nsgaii,HV,0.0
simplified-cocome,moc_1.64,82,95,sb_3600000,nsgaii,GSPREAD,0.4436073447211549
simplified-cocome,moc_1.64,82,95,sb_3600000,nsgaii,GSPREAD,0.9137547927507583
simplified-cocome,moc_1.64,82,95,sb_3600000,nsgaii,GSPREAD,0.5673486563468214
simplified-cocome,moc_1.64,102,95,sb_3600000,nsgaii,IGD+,4.380642963045032
simplified-cocome,moc_1.64,102,95,sb_3600000,nsgaii,IGD+,3.683954165969414
simplified-cocome,moc_1.64,102,95,sb_3600000,nsgaii,IGD+,5.726103994589246
simplified-cocome,moc_1.64,102,95,sb_3600000,nsgaii,EP,4.454100528523669
simplified-cocome,moc_1.64,102,95,sb_3600000,nsgaii,EP,3.5790440080605963
simplified-cocome,moc_1.64,102,95,sb_3600000,nsgaii,EP,5.7790588286287345
simplified-cocome,moc_1.64,102,95,sb_3600000,nsgaii,HV,0.0
simplified-cocome,moc_1.64,102,95,sb_3600000,nsgaii,HV,0.0
simplified-cocome,moc_1.64,102,95,sb_3600000,nsgaii,HV,0.0
simplified-cocome,moc_1.64,102,95,sb_3600000,nsgaii,GSPREAD,0.9755654010774586
simplified-cocome,moc_1.64,102,95,sb_3600000,nsgaii,GSPREAD,1.0089156093800729
simplified-cocome,moc_1.64,102,95,sb_3600000,nsgaii,GSPREAD,1.0406522818204387
simplified-cocome,moc_1.64,72,95,sb_1800000,nsgaii,IGD+,2.984426980659316
simplified-cocome,moc_1.64,72,95,sb_1800000,nsgaii,IGD+,3.1312917177826276
simplified-cocome,moc_1.64,72,95,sb_1800000,nsgaii,IGD+,3.3410153016534987
simplified-cocome,moc_1.64,72,95,sb_1800000,nsgaii,EP,3.039168934768594
simplified-cocome,moc_1.64,72,95,sb_1800000,nsgaii,EP,3.0148373195242564
simplified-cocome,moc_1.64,72,95,sb_1800000,nsgaii,EP,3.4154650407368625
simplified-cocome,moc_1.64,72,95,sb_1800000,nsgaii,HV,0.0
simplified-cocome,moc_1.64,72,95,sb_1800000,nsgaii,HV,0.0
simplified-cocome,moc_1.64,72,95,sb_1800000,nsgaii,HV,0.0
simplified-cocome,moc_1.64,72,95,sb_1800000,nsgaii,GSPREAD,0.8147628314453311
simplified-cocome,moc_1.64,72,95,sb_1800000,nsgaii,GSPREAD,0.6804650828181493
simplified-cocome,moc_1.64,72,95,sb_1800000,nsgaii,GSPREAD,0.6492272698126254
simplified-cocome,moc_1.64,82,95,sb_1800000,nsgaii,IGD+,5.799540335346429
simplified-cocome,moc_1.64,82,95,sb_1800000,nsgaii,IGD+,2.3782412195983516
simplified-cocome,moc_1.64,82,95,sb_1800000,nsgaii,IGD+,2.7860403840968697
simplified-cocome,moc_1.64,82,95,sb_1800000,nsgaii,EP,5.85470013428558
simplified-cocome,moc_1.64,82,95,sb_1800000,nsgaii,EP,2.4149509351065666
simplified-cocome,moc_1.64,82,95,sb_1800000,nsgaii,EP,2.6370742462043566
simplified-cocome,moc_1.64,82,95,sb_1800000,nsgaii,HV,0.0
simplified-cocome,moc_1.64,82,95,sb_1800000,nsgaii,HV,0.0
simplified-cocome,moc_1.64,82,95,sb_1800000,nsgaii,HV,0.0
simplified-cocome,moc_1.64,82,95,sb_1800000,nsgaii,GSPREAD,0.489635279811384
simplified-cocome,moc_1.64,82,95,sb_1800000,nsgaii,GSPREAD,0.8220805595016865
simplified-cocome,moc_1.64,82,95,sb_1800000,nsgaii,GSPREAD,1.0579008503858112
simplified-cocome,moc_1.64,102,95,sb_1800000,nsgaii,IGD+,2.612317506777086
simplified-cocome,moc_1.64,102,95,sb_1800000,nsgaii,IGD+,3.0058082855313506
simplified-cocome,moc_1.64,102,95,sb_1800000,nsgaii,IGD+,3.090981715727545
simplified-cocome,moc_1.64,102,95,sb_1800000,nsgaii,EP,2.620704675201548
simplified-cocome,moc_1.64,102,95,sb_1800000,nsgaii,EP,3.051676026646949
simplified-cocome,moc_1.64,102,95,sb_1800000,nsgaii,EP,3.13746919167092
simplified-cocome,moc_1.64,102,95,sb_1800000,nsgaii,HV,0.0
simplified-cocome,moc_1.64,102,95,sb_1800000,nsgaii,HV,0.0
simplified-cocome,moc_1.64,102,95,sb_1800000,nsgaii,HV,0.0
simplified-cocome,moc_1.64,102,95,sb_1800000,nsgaii,GSPREAD,0.9468638214905848
simplified-cocome,moc_1.64,102,95,sb_1800000,nsgaii,GSPREAD,1.213757044893161
simplified-cocome,moc_1.64,102,95,sb_1800000,nsgaii,GSPREAD,1.2675678305243443
simplified-cocome,moc_1.64,72,95,sb_900000,spea2,IGD+,0.3632752100314418
simplified-cocome,moc_1.64,72,95,sb_900000,spea2,IGD+,0.25564143183571486
simplified-cocome,moc_1.64,72,95,sb_900000,spea2,IGD+,0.5821568678206549
simplified-cocome,moc_1.64,72,95,sb_900000,spea2,EP,0.5568915846681199
simplified-cocome,moc_1.64,72,95,sb_900000,spea2,EP,0.49477351916376305
simplified-cocome,moc_1.64,72,95,sb_900000,spea2,EP,0.8385598141695702
simplified-cocome,moc_1.64,72,95,sb_900000,spea2,HV,0.08950793682296601
simplified-cocome,moc_1.64,72,95,sb_900000,spea2,HV,0.2050089703639542
simplified-cocome,moc_1.64,72,95,sb_900000,spea2,HV,0.02509326764008075
simplified-cocome,moc_1.64,72,95,sb_900000,spea2,GSPREAD,0.5186141413393199
simplified-cocome,moc_1.64,72,95,sb_900000,spea2,GSPREAD,0.5206433406649743
simplified-cocome,moc_1.64,72,95,sb_900000,spea2,GSPREAD,0.5010674403944115
simplified-cocome,moc_1.64,82,95,sb_900000,spea2,IGD+,0.32787798187232625
simplified-cocome,moc_1.64,82,95,sb_900000,spea2,IGD+,0.2503365971911862
simplified-cocome,moc_1.64,82,95,sb_900000,spea2,IGD+,0.3480871960648502
simplified-cocome,moc_1.64,82,95,sb_900000,spea2,EP,0.5609756097560976
simplified-cocome,moc_1.64,82,95,sb_900000,spea2,EP,0.4250871080139373
simplified-cocome,moc_1.64,82,95,sb_900000,spea2,EP,0.527293844367015
simplified-cocome,moc_1.64,82,95,sb_900000,spea2,HV,0.16260048484076375
simplified-cocome,moc_1.64,82,95,sb_900000,spea2,HV,0.18401117531202876
simplified-cocome,moc_1.64,82,95,sb_900000,spea2,HV,0.11433829363127507
simplified-cocome,moc_1.64,82,95,sb_900000,spea2,GSPREAD,0.7118454292470178
simplified-cocome,moc_1.64,82,95,sb_900000,spea2,GSPREAD,0.8470018443544151
simplified-cocome,moc_1.64,82,95,sb_900000,spea2,GSPREAD,0.46916099018230517
simplified-cocome,moc_1.64,102,95,sb_900000,spea2,IGD+,0.38199684869329176
simplified-cocome,moc_1.64,102,95,sb_900000,spea2,IGD+,0.339844667827389
simplified-cocome,moc_1.64,102,95,sb_900000,spea2,IGD+,0.23603669828833537
simplified-cocome,moc_1.64,102,95,sb_900000,spea2,EP,0.5833333333333333
simplified-cocome,moc_1.64,102,95,sb_900000,spea2,EP,0.4657375145180023
simplified-cocome,moc_1.64,102,95,sb_900000,spea2,EP,0.41811846689895477
simplified-cocome,moc_1.64,102,95,sb_900000,spea2,HV,0.09911972268407121
simplified-cocome,moc_1.64,102,95,sb_900000,spea2,HV,0.10878945325976987
simplified-cocome,moc_1.64,102,95,sb_900000,spea2,HV,0.18600767385333408
simplified-cocome,moc_1.64,102,95,sb_900000,spea2,GSPREAD,0.7010682528824218
simplified-cocome,moc_1.64,102,95,sb_900000,spea2,GSPREAD,0.6527497338563
simplified-cocome,moc_1.64,102,95,sb_900000,spea2,GSPREAD,0.6332166318166458
simplified-cocome,moc_1.64,72,95,sb_3600000,spea2,IGD+,0.36209875868913466
simplified-cocome,moc_1.64,72,95,sb_3600000,spea2,IGD+,0.15770757787407036
simplified-cocome,moc_1.64,72,95,sb_3600000,spea2,IGD+,0.25669257342912094
simplified-cocome,moc_1.64,72,95,sb_3600000,spea2,EP,0.5833333333333334
simplified-cocome,moc_1.64,72,95,sb_3600000,spea2,EP,0.4250871080139373
simplified-cocome,moc_1.64,72,95,sb_3600000,spea2,EP,0.41811846689895477
simplified-cocome,moc_1.64,72,95,sb_3600000,spea2,HV,0.09250577162944955
simplified-cocome,moc_1.64,72,95,sb_3600000,spea2,HV,0.3699929552641969
simplified-cocome,moc_1.64,72,95,sb_3600000,spea2,HV,0.16721339597760168
simplified-cocome,moc_1.64,72,95,sb_3600000,spea2,GSPREAD,0.6060943858601012
simplified-cocome,moc_1.64,72,95,sb_3600000,spea2,GSPREAD,0.5137729987795504
simplified-cocome,moc_1.64,72,95,sb_3600000,spea2,GSPREAD,0.6119385796728193
simplified-cocome,moc_1.64,82,95,sb_3600000,spea2,IGD+,0.24713614799688888
simplified-cocome,moc_1.64,82,95,sb_3600000,spea2,IGD+,0.8047865690441616
simplified-cocome,moc_1.64,82,95,sb_3600000,spea2,IGD+,0.2708525115221545
simplified-cocome,moc_1.64,82,95,sb_3600000,spea2,EP,0.49477351916376305
simplified-cocome,moc_1.64,82,95,sb_3600000,spea2,EP,0.8090679319858955
simplified-cocome,moc_1.64,82,95,sb_3600000,spea2,EP,0.3995354239256678
simplified-cocome,moc_1.64,82,95,sb_3600000,spea2,HV,0.24373124761552842
simplified-cocome,moc_1.64,82,95,sb_3600000,spea2,HV,0.009755852721055221
simplified-cocome,moc_1.64,82,95,sb_3600000,spea2,HV,0.16769277762505083
simplified-cocome,moc_1.64,82,95,sb_3600000,spea2,GSPREAD,0.5559234302679078
simplified-cocome,moc_1.64,82,95,sb_3600000,spea2,GSPREAD,0.8267865143505487
simplified-cocome,moc_1.64,82,95,sb_3600000,spea2,GSPREAD,0.423420321419628
simplified-cocome,moc_1.64,102,95,sb_3600000,spea2,IGD+,0.26158358078887634
simplified-cocome,moc_1.64,102,95,sb_3600000,spea2,IGD+,0.35187532201225324
simplified-cocome,moc_1.64,102,95,sb_3600000,spea2,IGD+,0.24109824797357357
simplified-cocome,moc_1.64,102,95,sb_3600000,spea2,EP,0.47967479674796737
simplified-cocome,moc_1.64,102,95,sb_3600000,spea2,EP,0.5833333333333334
simplified-cocome,moc_1.64,102,95,sb_3600000,spea2,EP,0.45990636512007527
simplified-cocome,moc_1.64,102,95,sb_3600000,spea2,HV,0.17368532776903226
simplified-cocome,moc_1.64,102,95,sb_3600000,spea2,HV,0.09220905763374879
simplified-cocome,moc_1.64,102,95,sb_3600000,spea2,HV,0.18576300079618682
simplified-cocome,moc_1.64,102,95,sb_3600000,spea2,GSPREAD,0.9189783034113403
simplified-cocome,moc_1.64,102,95,sb_3600000,spea2,GSPREAD,0.5199787590158869
simplified-cocome,moc_1.64,102,95,sb_3600000,spea2,GSPREAD,0.8035377026094688
simplified-cocome,moc_1.64,72,95,sb_1800000,spea2,IGD+,0.19732075407036048
simplified-cocome,moc_1.64,72,95,sb_1800000,spea2,IGD+,0.401541048243268
simplified-cocome,moc_1.64,72,95,sb_1800000,spea2,IGD+,0.22897418013765575
simplified-cocome,moc_1.64,72,95,sb_1800000,spea2,EP,0.41811846689895477
simplified-cocome,moc_1.64,72,95,sb_1800000,spea2,EP,0.5833333333333333
simplified-cocome,moc_1.64,72,95,sb_1800000,spea2,EP,0.3333333333333333
simplified-cocome,moc_1.64,72,95,sb_1800000,spea2,HV,0.2899973491272984
simplified-cocome,moc_1.64,72,95,sb_1800000,spea2,HV,0.0922721289947557
simplified-cocome,moc_1.64,72,95,sb_1800000,spea2,HV,0.2097442390482423
simplified-cocome,moc_1.64,72,95,sb_1800000,spea2,GSPREAD,0.5108971010239403
simplified-cocome,moc_1.64,72,95,sb_1800000,spea2,GSPREAD,0.8764608475074913
simplified-cocome,moc_1.64,72,95,sb_1800000,spea2,GSPREAD,0.6834204030331489
simplified-cocome,moc_1.64,82,95,sb_1800000,spea2,IGD+,0.44290737511940076
simplified-cocome,moc_1.64,82,95,sb_1800000,spea2,IGD+,0.22723801226797466
simplified-cocome,moc_1.64,82,95,sb_1800000,spea2,IGD+,0.3689759197653166
simplified-cocome,moc_1.64,82,95,sb_1800000,spea2,EP,0.6666666666666666
simplified-cocome,moc_1.64,82,95,sb_1800000,spea2,EP,0.49477351916376305
simplified-cocome,moc_1.64,82,95,sb_1800000,spea2,EP,0.5934959349593496
simplified-cocome,moc_1.64,82,95,sb_1800000,spea2,HV,0.049850890754408156
simplified-cocome,moc_1.64,82,95,sb_1800000,spea2,HV,0.25136983054879697
simplified-cocome,moc_1.64,82,95,sb_1800000,spea2,HV,0.11389499068480834
simplified-cocome,moc_1.64,82,95,sb_1800000,spea2,GSPREAD,0.47012914876890477
simplified-cocome,moc_1.64,82,95,sb_1800000,spea2,GSPREAD,0.9447401036104233
simplified-cocome,moc_1.64,82,95,sb_1800000,spea2,GSPREAD,0.6466525877181726
simplified-cocome,moc_1.64,102,95,sb_1800000,spea2,IGD+,0.3844670464875048
simplified-cocome,moc_1.64,102,95,sb_1800000,spea2,IGD+,0.29431177275560555
simplified-cocome,moc_1.64,102,95,sb_1800000,spea2,IGD+,0.3261697164874517
simplified-cocome,moc_1.64,102,95,sb_1800000,spea2,EP,0.6085946573751453
simplified-cocome,moc_1.64,102,95,sb_1800000,spea2,EP,0.5410027237822278
simplified-cocome,moc_1.64,102,95,sb_1800000,spea2,EP,0.6666666666666666
simplified-cocome,moc_1.64,102,95,sb_1800000,spea2,HV,0.12586892333243274
simplified-cocome,moc_1.64,102,95,sb_1800000,spea2,HV,0.1309922020795915
simplified-cocome,moc_1.64,102,95,sb_1800000,spea2,HV,0.09911023226718485
simplified-cocome,moc_1.64,102,95,sb_1800000,spea2,GSPREAD,0.7809511874687561
simplified-cocome,moc_1.64,102,95,sb_1800000,spea2,GSPREAD,0.31432912361431226
simplified-cocome,moc_1.64,102,95,sb_1800000,spea2,GSPREAD,0.6463765132446013
simplified-cocome,moc_1.64,72,95,sb_900000,pesa2,IGD+,0.23692407188466688
simplified-cocome,moc_1.64,72,95,sb_900000,pesa2,IGD+,0.11021862929218373
simplified-cocome,moc_1.64,72,95,sb_900000,pesa2,IGD+,0.1643798755718776
simplified-cocome,moc_1.64,72,95,sb_900000,pesa2,EP,0.46500084207962533
simplified-cocome,moc_1.64,72,95,sb_900000,pesa2,EP,0.28571428571428575
simplified-cocome,moc_1.64,72,95,sb_900000,pesa2,EP,0.3557413851084554
simplified-cocome,moc_1.64,72,95,sb_900000,pesa2,HV,0.2166914443967463
simplified-cocome,moc_1.64,72,95,sb_900000,pesa2,HV,0.38393590996226995
simplified-cocome,moc_1.64,72,95,sb_900000,pesa2,HV,0.3307074880523733
simplified-cocome,moc_1.64,72,95,sb_900000,pesa2,GSPREAD,0.6303940530283476
simplified-cocome,moc_1.64,72,95,sb_900000,pesa2,GSPREAD,0.6894173219715073
simplified-cocome,moc_1.64,72,95,sb_900000,pesa2,GSPREAD,0.676149067207591
simplified-cocome,moc_1.64,82,95,sb_900000,pesa2,IGD+,0.14029285497696445
simplified-cocome,moc_1.64,82,95,sb_900000,pesa2,IGD+,0.2764453620320302
simplified-cocome,moc_1.64,82,95,sb_900000,pesa2,IGD+,0.3049079298256075
simplified-cocome,moc_1.64,82,95,sb_900000,pesa2,EP,0.25667828106852497
simplified-cocome,moc_1.64,82,95,sb_900000,pesa2,EP,0.5833333333333334
simplified-cocome,moc_1.64,82,95,sb_900000,pesa2,EP,0.5833333333333334
simplified-cocome,moc_1.64,82,95,sb_900000,pesa2,HV,0.33784883571466706
simplified-cocome,moc_1.64,82,95,sb_900000,pesa2,HV,0.15174978910832315
simplified-cocome,moc_1.64,82,95,sb_900000,pesa2,HV,0.15418393273525716
simplified-cocome,moc_1.64,82,95,sb_900000,pesa2,GSPREAD,0.6356573267109049
simplified-cocome,moc_1.64,82,95,sb_900000,pesa2,GSPREAD,0.7218023232059707
simplified-cocome,moc_1.64,82,95,sb_900000,pesa2,GSPREAD,0.8474024818383493
simplified-cocome,moc_1.64,102,95,sb_900000,pesa2,IGD+,0.13603985546502095
simplified-cocome,moc_1.64,102,95,sb_900000,pesa2,IGD+,0.27667815421584313
simplified-cocome,moc_1.64,102,95,sb_900000,pesa2,IGD+,0.2570179371855278
simplified-cocome,moc_1.64,102,95,sb_900000,pesa2,EP,0.25667828106852497
simplified-cocome,moc_1.64,102,95,sb_900000,pesa2,EP,0.4541231126596981
simplified-cocome,moc_1.64,102,95,sb_900000,pesa2,EP,0.4506387921022068
simplified-cocome,moc_1.64,102,95,sb_900000,pesa2,HV,0.32926229058503265
simplified-cocome,moc_1.64,102,95,sb_900000,pesa2,HV,0.17923275784403497
simplified-cocome,moc_1.64,102,95,sb_900000,pesa2,HV,0.15195504360351605
simplified-cocome,moc_1.64,102,95,sb_900000,pesa2,GSPREAD,0.5475882580097516
simplified-cocome,moc_1.64,102,95,sb_900000,pesa2,GSPREAD,0.5715791154251546
simplified-cocome,moc_1.64,102,95,sb_900000,pesa2,GSPREAD,0.6471933969943279
simplified-cocome,moc_1.64,72,95,sb_3600000,pesa2,IGD+,0.10898449005396221
simplified-cocome,moc_1.64,72,95,sb_3600000,pesa2,IGD+,0.3737357540591629
simplified-cocome,moc_1.64,72,95,sb_3600000,pesa2,IGD+,0.14373350213743283
simplified-cocome,moc_1.64,72,95,sb_3600000,pesa2,EP,0.3333333333333333
simplified-cocome,moc_1.64,72,95,sb_3600000,pesa2,EP,0.568931131742196
simplified-cocome,moc_1.64,72,95,sb_3600000,pesa2,EP,0.25667828106852497
simplified-cocome,moc_1.64,72,95,sb_3600000,pesa2,HV,0.43598120576984956
simplified-cocome,moc_1.64,72,95,sb_3600000,pesa2,HV,0.1109948323972672
simplified-cocome,moc_1.64,72,95,sb_3600000,pesa2,HV,0.352454296840489
simplified-cocome,moc_1.64,72,95,sb_3600000,pesa2,GSPREAD,0.6930714651360904
simplified-cocome,moc_1.64,72,95,sb_3600000,pesa2,GSPREAD,0.6831636898373417
simplified-cocome,moc_1.64,72,95,sb_3600000,pesa2,GSPREAD,0.5940720459262311
simplified-cocome,moc_1.64,82,95,sb_3600000,pesa2,IGD+,0.246229372434893
simplified-cocome,moc_1.64,82,95,sb_3600000,pesa2,IGD+,0.3894929096032862
simplified-cocome,moc_1.64,82,95,sb_3600000,pesa2,IGD+,0.14790642297331533
simplified-cocome,moc_1.64,82,95,sb_3600000,pesa2,EP,0.527293844367015
simplified-cocome,moc_1.64,82,95,sb_3600000,pesa2,EP,0.5101324458579289
simplified-cocome,moc_1.64,82,95,sb_3600000,pesa2,EP,0.24999999999999994
simplified-cocome,moc_1.64,82,95,sb_3600000,pesa2,HV,0.22480294361823228
simplified-cocome,moc_1.64,82,95,sb_3600000,pesa2,HV,0.09977610600114244
simplified-cocome,moc_1.64,82,95,sb_3600000,pesa2,HV,0.3169317523412159
simplified-cocome,moc_1.64,82,95,sb_3600000,pesa2,GSPREAD,0.663264936253152
simplified-cocome,moc_1.64,82,95,sb_3600000,pesa2,GSPREAD,0.6368747591697536
simplified-cocome,moc_1.64,82,95,sb_3600000,pesa2,GSPREAD,0.5325650325061809
simplified-cocome,moc_1.64,102,95,sb_3600000,pesa2,IGD+,0.18492212571737723
simplified-cocome,moc_1.64,102,95,sb_3600000,pesa2,IGD+,0.1965862120949324
simplified-cocome,moc_1.64,102,95,sb_3600000,pesa2,IGD+,0.20136290314557975
simplified-cocome,moc_1.64,102,95,sb_3600000,pesa2,EP,0.4541231126596981
simplified-cocome,moc_1.64,102,95,sb_3600000,pesa2,EP,0.3844367015098723
simplified-cocome,moc_1.64,102,95,sb_3600000,pesa2,EP,0.40880777239880917
simplified-cocome,moc_1.64,102,95,sb_3600000,pesa2,HV,0.3003125892482596
simplified-cocome,moc_1.64,102,95,sb_3600000,pesa2,HV,0.240528419050826
simplified-cocome,moc_1.64,102,95,sb_3600000,pesa2,HV,0.23635431309567922
simplified-cocome,moc_1.64,102,95,sb_3600000,pesa2,GSPREAD,0.6699090466815725
simplified-cocome,moc_1.64,102,95,sb_3600000,pesa2,GSPREAD,0.7821375170729574
simplified-cocome,moc_1.64,102,95,sb_3600000,pesa2,GSPREAD,0.5570443891966547
simplified-cocome,moc_1.64,72,95,sb_1800000,pesa2,IGD+,0.2318176277714854
simplified-cocome,moc_1.64,72,95,sb_1800000,pesa2,IGD+,0.21198240911826124
simplified-cocome,moc_1.64,72,95,sb_1800000,pesa2,IGD+,0.3299084148014658
simplified-cocome,moc_1.64,72,95,sb_1800000,pesa2,EP,0.4619232043515725
simplified-cocome,moc_1.64,72,95,sb_1800000,pesa2,EP,0.38443670150987225
simplified-cocome,moc_1.64,72,95,sb_1800000,pesa2,EP,0.5357604906186562
simplified-cocome,moc_1.64,72,95,sb_1800000,pesa2,HV,0.188160945675542
simplified-cocome,moc_1.64,72,95,sb_1800000,pesa2,HV,0.26885657449869305
simplified-cocome,moc_1.64,72,95,sb_1800000,pesa2,HV,0.1085732154383735
simplified-cocome,moc_1.64,72,95,sb_1800000,pesa2,GSPREAD,0.720753975306738
simplified-cocome,moc_1.64,72,95,sb_1800000,pesa2,GSPREAD,0.4498964198770224
simplified-cocome,moc_1.64,72,95,sb_1800000,pesa2,GSPREAD,0.6713649516838814
simplified-cocome,moc_1.64,82,95,sb_1800000,pesa2,IGD+,0.28387592548126855
simplified-cocome,moc_1.64,82,95,sb_1800000,pesa2,IGD+,0.17467676843145194
simplified-cocome,moc_1.64,82,95,sb_1800000,pesa2,IGD+,0.2517206998573442
simplified-cocome,moc_1.64,82,95,sb_1800000,pesa2,EP,0.5
simplified-cocome,moc_1.64,82,95,sb_1800000,pesa2,EP,0.32636469221835074
simplified-cocome,moc_1.64,82,95,sb_1800000,pesa2,EP,0.49477351916376305
simplified-cocome,moc_1.64,82,95,sb_1800000,pesa2,HV,0.15110988013787
simplified-cocome,moc_1.64,82,95,sb_1800000,pesa2,HV,0.26959051161336184
simplified-cocome,moc_1.64,82,95,sb_1800000,pesa2,HV,0.20208066272109573
simplified-cocome,moc_1.64,82,95,sb_1800000,pesa2,GSPREAD,0.598690892121758
simplified-cocome,moc_1.64,82,95,sb_1800000,pesa2,GSPREAD,0.8506912058895238
simplified-cocome,moc_1.64,82,95,sb_1800000,pesa2,GSPREAD,0.5561642898325821
simplified-cocome,moc_1.64,102,95,sb_1800000,pesa2,IGD+,0.2736808844907797
simplified-cocome,moc_1.64,102,95,sb_1800000,pesa2,IGD+,0.20852683132802893
simplified-cocome,moc_1.64,102,95,sb_1800000,pesa2,IGD+,0.19018511604618607
simplified-cocome,moc_1.64,102,95,sb_1800000,pesa2,EP,0.49477351916376305
simplified-cocome,moc_1.64,102,95,sb_1800000,pesa2,EP,0.5203252032520326
simplified-cocome,moc_1.64,102,95,sb_1800000,pesa2,EP,0.3333333333333333
simplified-cocome,moc_1.64,102,95,sb_1800000,pesa2,HV,0.19380544470479902
simplified-cocome,moc_1.64,102,95,sb_1800000,pesa2,HV,0.2939056578033824
simplified-cocome,moc_1.64,102,95,sb_1800000,pesa2,HV,0.2462553212742395
simplified-cocome,moc_1.64,102,95,sb_1800000,pesa2,GSPREAD,0.6918216839137996
simplified-cocome,moc_1.64,102,95,sb_1800000,pesa2,GSPREAD,0.6990112038992171
simplified-cocome,moc_1.64,102,95,sb_1800000,pesa2,GSPREAD,0.7655208919347782
